<?xml version="1.0" encoding="UTF-8"?>
<project-private xmlns="http://www.netbeans.org/ns/project-private/1">
    <editor-bookmarks xmlns="http://www.netbeans.org/ns/editor-bookmarks/2" lastBookmarkId="0"/>
    <open-files xmlns="http://www.netbeans.org/ns/projectui-open-files/2">
        <group>
            <file>file:/C:/Users/ACER/Documents/NetBeansProjects/MuhammadRofiNugraha_2110010241/src/muhammadrofinugraha_2110010241/tbl_user.java</file>
            <file>file:/C:/Users/ACER/Documents/NetBeansProjects/MuhammadRofiNugraha_2110010241/src/muhammadrofinugraha_2110010241/tbl_pengajuan.java</file>
            <file>file:/C:/Users/ACER/Documents/NetBeansProjects/MuhammadRofiNugraha_2110010241/src/muhammadrofinugraha_2110010241/tbl_dokumen.java</file>
            <file>file:/C:/Users/ACER/Documents/NetBeansProjects/MuhammadRofiNugraha_2110010241/src/muhammadrofinugraha_2110010241/tbl_debitur.java</file>
            <file>file:/C:/Users/ACER/Documents/NetBeansProjects/MuhammadRofiNugraha_2110010241/src/muhammadrofinugraha_2110010241/tbl_pendapatan.java</file>
            <file>file:/C:/Users/ACER/Documents/NetBeansProjects/MuhammadRofiNugraha_2110010241/src/muhammadrofinugraha_2110010241/tbl_biaya.java</file>
            <file>file:/C:/Users/ACER/Documents/NetBeansProjects/MuhammadRofiNugraha_2110010241/src/muhammadrofinugraha_2110010241/MuhammadRofiNugraha_2110010241.java</file>
        </group>
    </open-files>
</project-private>
